,Connected On
0,10-Mar-25
1,10-Mar-25
2,10-Mar-25
3,10-Mar-25
4,10-Mar-25
5,10-Mar-25
6,09-Mar-25
7,09-Mar-25
8,09-Mar-25
9,08-Mar-25
10,08-Mar-25
11,08-Mar-25
12,08-Mar-25
13,06-Mar-25
14,06-Mar-25
15,06-Mar-25
16,05-Mar-25
17,05-Mar-25
18,05-Mar-25
19,05-Mar-25
20,05-Mar-25
21,05-Mar-25
22,05-Mar-25
23,05-Mar-25
24,05-Mar-25
25,04-Mar-25
26,04-Mar-25
27,04-Mar-25
28,03-Mar-25
29,02-Mar-25
30,02-Mar-25
31,01-Mar-25
32,28-Feb-25
33,27-Feb-25
34,26-Feb-25
35,26-Feb-25
36,25-Feb-25
37,25-Feb-25
38,25-Feb-25
39,25-Feb-25
40,25-Feb-25
41,25-Feb-25
42,25-Feb-25
43,25-Feb-25
44,24-Feb-25
45,24-Feb-25
46,24-Feb-25
47,24-Feb-25
48,23-Feb-25
49,23-Feb-25
50,22-Feb-25
51,22-Feb-25
52,22-Feb-25
53,21-Feb-25
54,21-Feb-25
55,21-Feb-25
56,21-Feb-25
57,20-Feb-25
58,20-Feb-25
59,20-Feb-25
60,20-Feb-25
61,19-Feb-25
62,19-Feb-25
63,19-Feb-25
64,19-Feb-25
65,19-Feb-25
66,18-Feb-25
67,17-Feb-25
68,17-Feb-25
69,16-Feb-25
70,15-Feb-25
71,14-Feb-25
72,14-Feb-25
73,14-Feb-25
74,14-Feb-25
75,14-Feb-25
76,14-Feb-25
77,13-Feb-25
78,13-Feb-25
79,12-Feb-25
80,12-Feb-25
81,12-Feb-25
82,12-Feb-25
83,12-Feb-25
84,12-Feb-25
85,12-Feb-25
86,11-Feb-25
87,11-Feb-25
88,11-Feb-25
89,10-Feb-25
90,10-Feb-25
91,10-Feb-25
92,09-Feb-25
93,09-Feb-25
94,09-Feb-25
95,09-Feb-25
96,08-Feb-25
97,08-Feb-25
98,08-Feb-25
99,08-Feb-25
100,08-Feb-25
101,08-Feb-25
102,08-Feb-25
103,08-Feb-25
104,08-Feb-25
105,08-Feb-25
106,07-Feb-25
107,07-Feb-25
108,07-Feb-25
109,07-Feb-25
110,07-Feb-25
111,07-Feb-25
112,07-Feb-25
113,07-Feb-25
114,07-Feb-25
115,07-Feb-25
116,07-Feb-25
117,06-Feb-25
118,06-Feb-25
119,06-Feb-25
120,06-Feb-25
121,06-Feb-25
122,06-Feb-25
123,06-Feb-25
124,06-Feb-25
125,06-Feb-25
126,06-Feb-25
127,05-Feb-25
128,05-Feb-25
129,05-Feb-25
130,05-Feb-25
131,05-Feb-25
132,05-Feb-25
133,05-Feb-25
134,05-Feb-25
135,05-Feb-25
136,05-Feb-25
137,05-Feb-25
138,05-Feb-25
139,04-Feb-25
140,04-Feb-25
141,04-Feb-25
142,04-Feb-25
143,04-Feb-25
144,04-Feb-25
145,04-Feb-25
146,04-Feb-25
147,04-Feb-25
148,04-Feb-25
149,04-Feb-25
150,04-Feb-25
151,04-Feb-25
152,04-Feb-25
153,04-Feb-25
154,04-Feb-25
155,03-Feb-25
156,03-Feb-25
157,03-Feb-25
158,03-Feb-25
159,03-Feb-25
160,03-Feb-25
161,03-Feb-25
162,03-Feb-25
163,03-Feb-25
164,03-Feb-25
165,03-Feb-25
166,03-Feb-25
167,03-Feb-25
168,03-Feb-25
169,03-Feb-25
170,02-Feb-25
171,02-Feb-25
172,02-Feb-25
173,02-Feb-25
174,02-Feb-25
175,02-Feb-25
176,02-Feb-25
177,02-Feb-25
178,02-Feb-25
179,02-Feb-25
180,01-Feb-25
181,01-Feb-25
182,01-Feb-25
183,01-Feb-25
184,01-Feb-25
185,01-Feb-25
186,01-Feb-25
187,01-Feb-25
188,01-Feb-25
189,01-Feb-25
190,31-Jan-25
191,31-Jan-25
192,31-Jan-25
193,31-Jan-25
194,31-Jan-25
195,31-Jan-25
196,31-Jan-25
197,31-Jan-25
198,31-Jan-25
199,30-Jan-25
200,30-Jan-25
201,29-Jan-25
202,29-Jan-25
203,29-Jan-25
204,29-Jan-25
205,29-Jan-25
206,29-Jan-25
207,29-Jan-25
208,29-Jan-25
209,29-Jan-25
210,29-Jan-25
211,29-Jan-25
212,29-Jan-25
213,29-Jan-25
214,29-Jan-25
215,29-Jan-25
216,29-Jan-25
217,28-Jan-25
218,28-Jan-25
219,26-Jan-25
220,25-Jan-25
221,24-Jan-25
222,24-Jan-25
223,23-Jan-25
224,22-Jan-25
225,21-Jan-25
226,20-Jan-25
227,18-Jan-25
228,18-Jan-25
229,18-Jan-25
230,18-Jan-25
231,18-Jan-25
232,18-Jan-25
233,18-Jan-25
234,18-Jan-25
235,17-Jan-25
236,17-Jan-25
237,17-Jan-25
238,17-Jan-25
239,17-Jan-25
240,17-Jan-25
241,17-Jan-25
242,17-Jan-25
243,16-Jan-25
244,16-Jan-25
245,16-Jan-25
246,16-Jan-25
247,13-Jan-25
248,13-Jan-25
249,12-Jan-25
250,12-Jan-25
251,12-Jan-25
252,12-Jan-25
253,10-Jan-25
254,09-Jan-25
255,09-Jan-25
256,09-Jan-25
257,09-Jan-25
258,08-Jan-25
259,08-Jan-25
260,07-Jan-25
261,07-Jan-25
262,07-Jan-25
263,07-Jan-25
264,07-Jan-25
265,07-Jan-25
266,07-Jan-25
267,07-Jan-25
268,07-Jan-25
269,07-Jan-25
270,07-Jan-25
271,07-Jan-25
272,07-Jan-25
273,07-Jan-25
274,07-Jan-25
275,06-Jan-25
276,06-Jan-25
277,05-Jan-25
278,28-Dec-24
279,26-Dec-24
280,19-Dec-24
281,18-Dec-24
282,16-Dec-24
283,11-Dec-24
284,10-Dec-24
285,08-Dec-24
286,04-Dec-24
287,04-Dec-24
288,03-Dec-24
289,01-Dec-24
290,26-Nov-24
291,25-Nov-24
292,23-Nov-24
293,21-Nov-24
294,14-Nov-24
295,14-Nov-24
296,12-Nov-24
297,12-Nov-24
298,09-Nov-24
299,08-Nov-24
300,07-Nov-24
301,04-Nov-24
302,04-Nov-24
303,04-Nov-24
304,04-Nov-24
305,04-Nov-24
306,04-Nov-24
307,04-Nov-24
308,03-Nov-24
309,03-Nov-24
310,03-Nov-24
311,03-Nov-24
312,02-Nov-24
313,31-Oct-24
314,31-Oct-24
315,29-Oct-24
316,26-Oct-24
317,25-Oct-24
318,22-Oct-24
319,20-Oct-24
320,19-Oct-24
321,19-Oct-24
322,17-Oct-24
323,17-Oct-24
324,17-Oct-24
325,17-Oct-24
326,16-Oct-24
327,16-Oct-24
328,16-Oct-24
329,15-Oct-24
330,15-Oct-24
331,15-Oct-24
332,15-Oct-24
333,11-Oct-24
334,06-Oct-24
335,28-Sep-24
336,26-Sep-24
337,25-Sep-24
338,24-Sep-24
339,24-Sep-24
340,23-Sep-24
341,22-Sep-24
342,20-Sep-24
343,19-Sep-24
344,19-Sep-24
345,19-Sep-24
346,18-Sep-24
347,15-Sep-24
348,15-Sep-24
349,15-Sep-24
350,13-Sep-24
351,13-Sep-24
352,11-Sep-24
353,11-Sep-24
354,11-Sep-24
355,11-Sep-24
356,10-Sep-24
357,10-Sep-24
358,10-Sep-24
359,10-Sep-24
360,10-Sep-24
361,10-Sep-24
362,10-Sep-24
363,05-Sep-24
364,30-Aug-24
365,22-Aug-24
366,22-Aug-24
367,19-Aug-24
368,17-Aug-24
369,17-Aug-24
370,15-Aug-24
371,15-Aug-24
372,14-Aug-24
373,14-Aug-24
374,14-Aug-24
375,14-Aug-24
376,08-Aug-24
377,01-Aug-24
378,31-Jul-24
379,27-Jul-24
380,25-Jul-24
381,25-Jul-24
382,25-Jul-24
383,18-Jul-24
384,18-Jul-24
385,27-May-24
386,27-May-24
387,21-Aug-23
388,21-Jan-23
389,09-Jun-22
